,Supplier_Lead_Time,Inventory_Levels,Order_Frequency,Delivery_Performance,Cost_Per_Unit
Supplier_Lead_Time,1.0,0.27960968144307335,-0.91549241866704,-0.893367958880859,0.9688768593576705
Inventory_Levels,0.27960968144307335,1.0,-0.250087933554785,-0.2703750838318409,0.26643362514785096
Order_Frequency,-0.91549241866704,-0.250087933554785,1.0,0.8307660964162649,-0.9124273152984896
Delivery_Performance,-0.893367958880859,-0.2703750838318409,0.8307660964162649,1.0,-0.8785099611073324
Cost_Per_Unit,0.9688768593576705,0.26643362514785096,-0.9124273152984896,-0.8785099611073324,1.0
